index;dia;mes;ano; valor ;index;mes;ano;valor
0;18;7;2014; 1,50 ;;7;2014;1,5
1;5;8;2014; 83,20 ;;8;2014;54228,86
2;8;8;2014; 22,50 ;;9;2014;79707,74
3;11;8;2014; 15,91 ;;10;2014;92994,49
4;12;8;2014; 0,44 ;;11;2014;99751,70
5;13;8;2014; 1.393,49 ;;12;2014;121334,26
6;14;8;2014; 2.100,92 ;;1;2015;80715,76
7;15;8;2014; 2.882,71 ;;2;2015;72224,63
8;16;8;2014; 3.893,80 ;;3;2015;73179,45
9;17;8;2014; 3.774,72 ;;4;2015;263512,38
10;18;8;2014; 1.687,77 ;;5;2015;325193,14
11;19;8;2014; 1.091,96 ;;6;2015;333163,07
12;20;8;2014; 1.659,50 ;;7;2015;402575,47
13;21;8;2014; 1.737,11 ;;8;2015;331405,31
14;22;8;2014; 3.388,52 ;;9;2015;294473,47
15;23;8;2014; 4.107,50 ;;10;2015;331473,15
16;24;8;2014; 4.626,87 ;;11;2015;337373,41
17;25;8;2014; 1.760,93 ;;12;2015;438262,95
18;26;8;2014; 1.640,58 ;;1;2016;398732,38
19;27;8;2014; 2.107,75 ;;2;2016;300369,98
20;28;8;2014; 2.690,52 ;;3;2016;307800,64
21;29;8;2014; 3.385,84 ;;4;2016;323850,44
22;30;8;2014; 5.117,44 ;;5;2016;338480,67
23;31;8;2014; 5.058,88 ;;6;2016;332429,23
24;1;9;2014; 2.284,99 ;;7;2016;408854,16
25;2;9;2014; 1.918,14 ;;8;2016;303855,82
26;3;9;2014; 2.508,91 ;;9;2016;343189,30
27;4;9;2014; 2.015,57 ;;10;2016;398158,72
28;5;9;2014; 4.133,71 ;;11;2016;390197,68
29;6;9;2014; 4.774,22 ;;12;2016;486007,35
30;7;9;2014; 3.598,60 ;;1;2017;469226,43
31;8;9;2014; 1.499,42 ;;2;2017;360349,55
32;9;9;2014; 1.164,88 ;;3;2017;417884,31
33;10;9;2014; 2.232,54 ;;4;2017;428958,07
34;11;9;2014; 1.592,50 ;;5;2017;355875,02
35;12;9;2014; 4.122,67 ;;6;2017;340212,38
36;13;9;2014; 4.046,96 ;;7;2017;407182,17
37;14;9;2014; 5.274,91 ;;8;2017;331542,19
38;15;9;2014; 1.194,44 ;;9;2017;330447,87
39;16;9;2014; 1.169,04 ;;10;2017;344800,27
40;17;9;2014; 1.816,80 ;;11;2017;366203,59
41;18;9;2014; 1.115,87 ;;12;2017;503843,42
42;19;9;2014; 3.534,05 ;;1;2018;449808,06
43;20;9;2014; 4.753,52 ;;2;2018;348243,37
44;21;9;2014; 4.410,94 ;;3;2018;382666,09
45;22;9;2014; 1.033,92 ;;4;2018;383273,38
46;23;9;2014; 1.534,57 ;;5;2018;418669,53
47;24;9;2014; 3.185,22 ;;6;2018;379383,08
48;25;9;2014; 1.676,89 ;;7;2018;482195,78
49;26;9;2014; 3.063,76 ;;8;2018;434308,16
50;27;9;2014; 4.096,49 ;;9;2018;438753,21
51;28;9;2014; 3.433,96 ;;10;2018;457025,59
52;29;9;2014; 1.388,30 ;;;;
53;30;9;2014; 1.131,95 ;;;;
54;1;10;2014; 1.876,60 ;;;;
55;2;10;2014; 1.386,10 ;;;;
56;3;10;2014; 2.099,46 ;;;;
57;4;10;2014; 5.499,34 ;;;;
58;5;10;2014; 3.751,07 ;;;;
59;6;10;2014; 2.303,57 ;;;;
60;7;10;2014; 2.044,36 ;;;;
61;8;10;2014; 2.826,99 ;;;;
62;9;10;2014; 1.869,38 ;;;;
63;10;10;2014; 3.947,65 ;;;;
64;11;10;2014; 5.913,40 ;;;;
65;12;10;2014; 4.906,76 ;;;;
66;13;10;2014; 1.379,80 ;;;;
67;14;10;2014; 1.801,87 ;;;;
68;15;10;2014; 3.115,89 ;;;;
69;16;10;2014; 1.945,09 ;;;;
70;17;10;2014; 3.753,12 ;;;;
71;18;10;2014; 4.663,95 ;;;;
72;19;10;2014; 3.275,96 ;;;;
73;20;10;2014; 908,50 ;;;;
74;21;10;2014; 1.606,26 ;;;;
75;22;10;2014; 1.986,30 ;;;;
76;23;10;2014; 2.764,46 ;;;;
77;24;10;2014; 3.548,29 ;;;;
78;25;10;2014; 4.828,87 ;;;;
79;26;10;2014; 2.805,33 ;;;;
80;27;10;2014; 2.219,27 ;;;;
81;28;10;2014; 2.325,39 ;;;;
82;29;10;2014; 1.483,12 ;;;;
83;30;10;2014; 5.566,88 ;;;;
84;31;10;2014; 4.591,46 ;;;;
85;1;11;2014; 5.208,53 ;;;;
86;2;11;2014; 3.835,13 ;;;;
87;3;11;2014; 2.022,43 ;;;;
88;4;11;2014; 2.061,56 ;;;;
89;5;11;2014; 2.435,79 ;;;;
90;6;11;2014; 1.963,47 ;;;;
91;7;11;2014; 2.707,78 ;;;;
92;8;11;2014; 4.290,74 ;;;;
93;9;11;2014; 4.474,47 ;;;;
94;10;11;2014; 1.522,25 ;;;;
95;11;11;2014; 1.568,44 ;;;;
96;12;11;2014; 2.416,26 ;;;;
97;13;11;2014; 1.938,58 ;;;;
98;14;11;2014; 3.577,07 ;;;;
99;15;11;2014; 5.138,28 ;;;;
100;16;11;2014; 3.998,42 ;;;;
101;17;11;2014; 2.157,51 ;;;;
102;18;11;2014; 2.162,68 ;;;;
103;19;11;2014; 2.078,03 ;;;;
104;20;11;2014; 3.385,50 ;;;;
105;21;11;2014; 4.095,77 ;;;;
106;22;11;2014; 5.554,62 ;;;;
107;23;11;2014; 4.906,93 ;;;;
108;24;11;2014; 1.910,76 ;;;;
109;25;11;2014; 2.084,77 ;;;;
110;26;11;2014; 2.155,80 ;;;;
111;27;11;2014; 3.645,96 ;;;;
112;28;11;2014; 4.830,61 ;;;;
113;29;11;2014; 5.704,76 ;;;;
114;30;11;2014; 5.918,80 ;;;;
115;1;12;2014; 2.457,73 ;;;;
116;2;12;2014; 3.050,49 ;;;;
117;3;12;2014; 2.614,54 ;;;;
118;4;12;2014; 2.825,10 ;;;;
119;5;12;2014; 4.052,09 ;;;;
120;6;12;2014; 5.736,54 ;;;;
121;7;12;2014; 5.371,75 ;;;;
122;8;12;2014; 2.641,42 ;;;;
123;9;12;2014; 2.354,52 ;;;;
124;10;12;2014; 4.476,62 ;;;;
125;11;12;2014; 3.961,86 ;;;;
126;12;12;2014; 4.309,69 ;;;;
127;13;12;2014; 5.184,67 ;;;;
128;14;12;2014; 4.666,98 ;;;;
129;15;12;2014; 2.294,58 ;;;;
130;16;12;2014; 2.845,26 ;;;;
131;17;12;2014; 2.501,85 ;;;;
132;18;12;2014; 3.361,77 ;;;;
133;19;12;2014; 4.000,62 ;;;;
134;20;12;2014; 5.524,74 ;;;;
135;21;12;2014; 6.424,12 ;;;;
136;22;12;2014; 5.154,80 ;;;;
137;23;12;2014; 5.706,63 ;;;;
138;24;12;2014; 4.105,41 ;;;;
139;25;12;2014; 2.414,00 ;;;;
140;26;12;2014; 4.365,59 ;;;;
141;27;12;2014; 4.936,40 ;;;;
142;28;12;2014; 3.889,34 ;;;;
143;29;12;2014; 2.835,31 ;;;;
144;30;12;2014; 4.535,56 ;;;;
145;31;12;2014; 2.734,28 ;;;;
146;1;1;2015; 2.255,00 ;;;;
147;2;1;2015; 2.523,85 ;;;;
148;3;1;2015; 3.834,66 ;;;;
149;4;1;2015; 3.622,18 ;;;;
150;5;1;2015; 1.556,19 ;;;;
151;6;1;2015; 2.026,37 ;;;;
152;7;1;2015; 2.491,19 ;;;;
153;8;1;2015; 1.844,40 ;;;;
154;9;1;2015; 3.013,37 ;;;;
155;10;1;2015; 4.073,43 ;;;;
156;11;1;2015; 3.371,48 ;;;;
157;12;1;2015; 1.637,65 ;;;;
158;13;1;2015; 2.247,90 ;;;;
159;14;1;2015; 2.023,87 ;;;;
160;15;1;2015; 2.950,22 ;;;;
161;16;1;2015; 2.364,34 ;;;;
162;17;1;2015; 4.013,27 ;;;;
163;18;1;2015; 5.234,29 ;;;;
164;19;1;2015; 1.739,76 ;;;;
165;20;1;2015; 2.044,29 ;;;;
166;21;1;2015; 1.714,84 ;;;;
167;22;1;2015; 1.548,40 ;;;;
168;23;1;2015; 3.325,76 ;;;;
169;24;1;2015; 3.938,39 ;;;;
170;25;1;2015; 3.663,17 ;;;;
171;26;1;2015; 1.263,00 ;;;;
172;27;1;2015; 1.655,82 ;;;;
173;28;1;2015; 1.690,70 ;;;;
174;29;1;2015; 1.377,13 ;;;;
175;30;1;2015; 2.300,69 ;;;;
176;31;1;2015; 3.370,15 ;;;;
177;1;2;2015; 4.555,95 ;;;;
178;2;2;2015; 2.088,90 ;;;;
179;3;2;2015; 1.748,00 ;;;;
180;4;2;2015; 1.809,98 ;;;;
181;5;2;2015; 2.401,33 ;;;;
182;6;2;2015; 3.216,40 ;;;;
183;7;2;2015; 4.781,57 ;;;;
184;8;2;2015; 5.247,42 ;;;;
185;9;2;2015; 1.882,44 ;;;;
186;10;2;2015; 2.050,50 ;;;;
187;11;2;2015; 2.623,35 ;;;;
188;12;2;2015; 2.882,92 ;;;;
189;13;2;2015; 1.988,70 ;;;;
190;14;2;2015; 3.765,78 ;;;;
191;15;2;2015; 1.764,14 ;;;;
192;18;2;2015; 2.383,30 ;;;;
193;19;2;2015; 1.311,98 ;;;;
194;20;2;2015; 2.431,41 ;;;;
195;21;2;2015; 5.319,99 ;;;;
196;22;2;2015; 4.163,57 ;;;;
197;23;2;2015; 1.512,96 ;;;;
198;24;2;2015; 1.799,55 ;;;;
199;25;2;2015; 1.860,99 ;;;;
200;26;2;2015; 2.031,64 ;;;;
201;27;2;2015; 2.570,31 ;;;;
202;28;2;2015; 4.031,55 ;;;;
203;1;3;2015; 4.209,61 ;;;;
204;2;3;2015; 1.522,18 ;;;;
205;3;3;2015; 2.352,87 ;;;;
206;4;3;2015; 2.144,50 ;;;;
207;5;3;2015; 1.546,50 ;;;;
208;6;3;2015; 3.403,21 ;;;;
209;7;3;2015; 3.150,43 ;;;;
210;8;3;2015; 4.024,54 ;;;;
211;9;3;2015; 1.291,49 ;;;;
212;10;3;2015; 1.747,73 ;;;;
213;11;3;2015; 1.770,03 ;;;;
214;12;3;2015; 1.729,15 ;;;;
215;13;3;2015; 2.397,45 ;;;;
216;14;3;2015; 3.545,91 ;;;;
217;15;3;2015; 2.937,31 ;;;;
218;16;3;2015; 1.553,19 ;;;;
219;17;3;2015; 1.819,66 ;;;;
220;18;3;2015; 1.728,15 ;;;;
221;19;3;2015; 3.347,84 ;;;;
222;20;3;2015; 2.115,32 ;;;;
223;21;3;2015; 2.731,12 ;;;;
224;22;3;2015; 3.175,39 ;;;;
225;23;3;2015; 1.346,39 ;;;;
226;24;3;2015; 1.746,83 ;;;;
227;25;3;2015; 2.174,00 ;;;;
228;26;3;2015; 1.181,47 ;;;;
229;27;3;2015; 2.708,74 ;;;;
230;28;3;2015; 3.366,04 ;;;;
231;29;3;2015; 2.681,49 ;;;;
232;30;3;2015; 1.507,56 ;;;;
233;31;3;2015; 2.223,35 ;;;;
234;1;4;2015; 2.059,33 ;;;;
235;2;4;2015; 3.497,39 ;;;;
236;3;4;2015; 4.869,60 ;;;;
237;4;4;2015; 19.071,83 ;;;;
238;5;4;2015; 13.512,03 ;;;;
239;6;4;2015; 8.023,30 ;;;;
240;7;4;2015; 7.650,92 ;;;;
241;8;4;2015; 7.909,52 ;;;;
242;9;4;2015; 7.905,00 ;;;;
243;10;4;2015; 10.081,08 ;;;;
244;11;4;2015; 16.509,19 ;;;;
245;12;4;2015; 14.703,51 ;;;;
246;13;4;2015; 6.442,12 ;;;;
247;14;4;2015; 5.292,20 ;;;;
248;15;4;2015; 5.897,59 ;;;;
249;16;4;2015; 6.648,58 ;;;;
250;17;4;2015; 8.676,43 ;;;;
251;18;4;2015; 15.688,35 ;;;;
252;19;4;2015; 11.558,01 ;;;;
253;20;4;2015; 6.855,63 ;;;;
254;21;4;2015; 10.204,47 ;;;;
255;22;4;2015; 4.997,74 ;;;;
256;23;4;2015; 6.443,79 ;;;;
257;24;4;2015; 8.505,01 ;;;;
258;25;4;2015; 14.176,01 ;;;;
259;26;4;2015; 12.449,76 ;;;;
260;27;4;2015; 5.724,73 ;;;;
261;28;4;2015; 5.394,89 ;;;;
262;29;4;2015; 4.602,27 ;;;;
263;30;4;2015; 8.162,10 ;;;;
264;1;5;2015; 5.966,23 ;;;;
265;2;5;2015; 14.875,54 ;;;;
266;3;5;2015; 9.067,07 ;;;;
267;4;5;2015; 5.430,45 ;;;;
268;5;5;2015; 4.232,68 ;;;;
269;6;5;2015; 6.562,66 ;;;;
270;7;5;2015; 7.397,34 ;;;;
271;8;5;2015; 10.522,92 ;;;;
272;9;5;2015; 14.709,79 ;;;;
273;10;5;2015; 11.482,98 ;;;;
274;11;5;2015; 4.213,81 ;;;;
275;12;5;2015; 7.322,32 ;;;;
276;13;5;2015; 8.095,85 ;;;;
277;14;5;2015; 8.823,11 ;;;;
278;15;5;2015; 12.946,61 ;;;;
279;16;5;2015; 19.850,50 ;;;;
280;17;5;2015; 18.432,54 ;;;;
281;18;5;2015; 6.545,07 ;;;;
282;19;5;2015; 6.416,85 ;;;;
283;20;5;2015; 8.110,31 ;;;;
284;21;5;2015; 8.524,97 ;;;;
285;22;5;2015; 10.857,08 ;;;;
286;23;5;2015; 18.186,37 ;;;;
287;24;5;2015; 17.000,29 ;;;;
288;25;5;2015; 6.503,68 ;;;;
289;26;5;2015; 6.047,73 ;;;;
290;27;5;2015; 7.086,33 ;;;;
291;28;5;2015; 8.131,38 ;;;;
292;29;5;2015; 12.890,67 ;;;;
293;30;5;2015; 20.644,18 ;;;;
294;31;5;2015; 18.315,83 ;;;;
295;1;6;2015; 6.505,45 ;;;;
296;2;6;2015; 7.940,15 ;;;;
297;3;6;2015; 10.302,36 ;;;;
298;4;6;2015; 19.000,79 ;;;;
299;5;6;2015; 12.935,66 ;;;;
300;6;6;2015; 14.714,77 ;;;;
301;7;6;2015; 15.064,83 ;;;;
302;8;6;2015; 5.786,05 ;;;;
303;9;6;2015; 8.504,65 ;;;;
304;10;6;2015; 8.024,98 ;;;;
305;11;6;2015; 10.429,21 ;;;;
306;12;6;2015; 16.803,87 ;;;;
307;13;6;2015; 18.926,44 ;;;;
308;14;6;2015; 18.255,29 ;;;;
309;15;6;2015; 5.742,21 ;;;;
310;16;6;2015; 7.479,77 ;;;;
311;17;6;2015; 7.200,96 ;;;;
312;18;6;2015; 7.041,63 ;;;;
313;19;6;2015; 12.546,36 ;;;;
314;20;6;2015; 15.840,73 ;;;;
315;21;6;2015; 14.309,52 ;;;;
316;22;6;2015; 6.910,58 ;;;;
317;23;6;2015; 8.414,13 ;;;;
318;24;6;2015; 7.291,79 ;;;;
319;25;6;2015; 8.048,41 ;;;;
320;26;6;2015; 10.458,86 ;;;;
321;27;6;2015; 15.822,10 ;;;;
322;28;6;2015; 16.764,97 ;;;;
323;29;6;2015; 8.365,59 ;;;;
324;30;6;2015; 7.730,96 ;;;;
325;1;7;2015; 10.399,32 ;;;;
326;2;7;2015; 10.858,37 ;;;;
327;3;7;2015; 12.750,90 ;;;;
328;4;7;2015; 19.055,85 ;;;;
329;5;7;2015; 22.909,43 ;;;;
330;6;7;2015; 9.281,63 ;;;;
331;7;7;2015; 10.160,85 ;;;;
332;8;7;2015; 11.297,20 ;;;;
333;9;7;2015; 9.264,94 ;;;;
334;10;7;2015; 12.000,65 ;;;;
335;11;7;2015; 17.353,14 ;;;;
336;12;7;2015; 17.892,31 ;;;;
337;13;7;2015; 10.449,99 ;;;;
338;14;7;2015; 9.996,33 ;;;;
339;15;7;2015; 10.509,48 ;;;;
340;16;7;2015; 12.995,90 ;;;;
341;17;7;2015; 14.640,65 ;;;;
342;18;7;2015; 19.560,11 ;;;;
343;19;7;2015; 15.360,69 ;;;;
344;20;7;2015; 10.295,10 ;;;;
345;21;7;2015; 9.357,71 ;;;;
346;22;7;2015; 12.758,74 ;;;;
347;23;7;2015; 11.460,65 ;;;;
348;24;7;2015; 13.002,60 ;;;;
349;25;7;2015; 16.604,52 ;;;;
350;26;7;2015; 17.875,09 ;;;;
351;27;7;2015; 10.832,33 ;;;;
352;28;7;2015; 8.793,15 ;;;;
353;29;7;2015; 10.462,11 ;;;;
354;30;7;2015; 10.030,99 ;;;;
355;31;7;2015; 14.364,74 ;;;;
356;1;8;2015; 18.900,60 ;;;;
357;2;8;2015; 15.865,46 ;;;;
358;3;8;2015; 8.345,69 ;;;;
359;4;8;2015; 8.524,15 ;;;;
360;5;8;2015; 8.846,82 ;;;;
361;6;8;2015; 8.245,83 ;;;;
362;7;8;2015; 12.062,79 ;;;;
363;8;8;2015; 20.631,64 ;;;;
364;9;8;2015; 17.084,97 ;;;;
365;10;8;2015; 7.997,83 ;;;;
366;11;8;2015; 7.068,99 ;;;;
367;12;8;2015; 6.627,61 ;;;;
368;13;8;2015; 7.264,20 ;;;;
369;14;8;2015; 11.926,17 ;;;;
370;15;8;2015; 9.378,85 ;;;;
371;16;8;2015; 17.272,84 ;;;;
372;17;8;2015; 6.274,02 ;;;;
373;18;8;2015; 6.384,63 ;;;;
374;19;8;2015; 6.276,91 ;;;;
375;20;8;2015; 7.290,32 ;;;;
376;21;8;2015; 9.856,77 ;;;;
377;22;8;2015; 16.755,94 ;;;;
378;23;8;2015; 17.187,58 ;;;;
379;24;8;2015; 5.384,68 ;;;;
380;25;8;2015; 6.092,53 ;;;;
381;26;8;2015; 6.450,51 ;;;;
382;27;8;2015; 10.611,61 ;;;;
383;28;8;2015; 10.556,37 ;;;;
384;29;8;2015; 14.609,38 ;;;;
385;30;8;2015; 14.735,61 ;;;;
386;31;8;2015; 6.894,01 ;;;;
387;1;9;2015; 6.900,62 ;;;;
388;2;9;2015; 6.996,53 ;;;;
389;3;9;2015; 8.297,69 ;;;;
390;4;9;2015; 10.628,06 ;;;;
391;5;9;2015; 16.518,64 ;;;;
392;6;9;2015; 16.219,34 ;;;;
393;7;9;2015; 9.576,22 ;;;;
394;8;9;2015; 6.694,62 ;;;;
395;9;9;2015; 7.777,83 ;;;;
396;10;9;2015; 7.098,24 ;;;;
397;11;9;2015; 9.829,76 ;;;;
398;12;9;2015; 18.354,41 ;;;;
399;13;9;2015; 13.650,73 ;;;;
400;14;9;2015; 6.995,72 ;;;;
401;15;9;2015; 6.528,96 ;;;;
402;16;9;2015; 7.122,38 ;;;;
403;17;9;2015; 8.174,82 ;;;;
404;18;9;2015; 10.163,58 ;;;;
405;19;9;2015; 16.670,08 ;;;;
406;20;9;2015; 16.362,35 ;;;;
407;21;9;2015; 6.053,13 ;;;;
408;22;9;2015; 6.672,71 ;;;;
409;23;9;2015; 5.547,32 ;;;;
410;24;9;2015; 8.130,85 ;;;;
411;25;9;2015; 8.566,87 ;;;;
412;26;9;2015; 15.592,13 ;;;;
413;27;9;2015; 14.720,31 ;;;;
414;28;9;2015; 5.386,78 ;;;;
415;29;9;2015; 5.905,00 ;;;;
416;30;9;2015; 7.337,79 ;;;;
417;1;10;2015; 7.061,05 ;;;;
418;2;10;2015; 11.262,66 ;;;;
419;3;10;2015; 15.347,06 ;;;;
420;4;10;2015; 14.288,06 ;;;;
421;5;10;2015; 5.839,39 ;;;;
422;6;10;2015; 7.438,05 ;;;;
423;7;10;2015; 6.883,43 ;;;;
424;8;10;2015; 6.841,25 ;;;;
425;9;10;2015; 11.369,42 ;;;;
426;10;10;2015; 17.929,71 ;;;;
427;11;10;2015; 17.196,03 ;;;;
428;12;10;2015; 21.114,68 ;;;;
429;13;10;2015; 7.813,63 ;;;;
430;14;10;2015; 6.982,40 ;;;;
431;15;10;2015; 7.694,41 ;;;;
432;16;10;2015; 10.633,16 ;;;;
433;17;10;2015; 16.910,80 ;;;;
434;18;10;2015; 15.683,98 ;;;;
435;19;10;2015; 5.093,55 ;;;;
436;20;10;2015; 6.647,28 ;;;;
437;21;10;2015; 7.331,50 ;;;;
438;22;10;2015; 7.866,18 ;;;;
439;23;10;2015; 10.545,55 ;;;;
440;24;10;2015; 15.193,98 ;;;;
441;25;10;2015; 15.280,40 ;;;;
442;26;10;2015; 6.323,24 ;;;;
443;27;10;2015; 6.371,43 ;;;;
444;28;10;2015; 6.502,96 ;;;;
445;29;10;2015; 6.612,96 ;;;;
446;30;10;2015; 12.095,88 ;;;;
447;31;10;2015; 17.319,07 ;;;;
448;1;11;2015; 16.590,33 ;;;;
449;2;11;2015; 9.181,51 ;;;;
450;3;11;2015; 6.976,37 ;;;;
451;4;11;2015; 6.824,19 ;;;;
452;5;11;2015; 6.898,16 ;;;;
453;6;11;2015; 10.235,68 ;;;;
454;7;11;2015; 18.905,92 ;;;;
455;8;11;2015; 16.612,22 ;;;;
456;9;11;2015; 6.599,70 ;;;;
457;10;11;2015; 6.575,42 ;;;;
458;11;11;2015; 6.736,17 ;;;;
459;12;11;2015; 6.993,13 ;;;;
460;13;11;2015; 10.462,77 ;;;;
461;14;11;2015; 18.603,77 ;;;;
462;15;11;2015; 13.798,39 ;;;;
463;16;11;2015; 5.961,80 ;;;;
464;17;11;2015; 6.787,79 ;;;;
465;18;11;2015; 7.369,35 ;;;;
466;19;11;2015; 7.754,02 ;;;;
467;20;11;2015; 12.497,02 ;;;;
468;21;11;2015; 17.056,71 ;;;;
469;22;11;2015; 16.820,74 ;;;;
470;23;11;2015; 6.443,88 ;;;;
471;24;11;2015; 7.804,22 ;;;;
472;25;11;2015; 8.708,84 ;;;;
473;26;11;2015; 8.853,36 ;;;;
474;27;11;2015; 16.955,87 ;;;;
475;28;11;2015; 21.772,95 ;;;;
476;29;11;2015; 22.566,66 ;;;;
477;30;11;2015; 8.026,47 ;;;;
478;1;12;2015; 8.105,51 ;;;;
479;2;12;2015; 7.927,39 ;;;;
480;3;12;2015; 9.417,27 ;;;;
481;4;12;2015; 11.337,34 ;;;;
482;5;12;2015; 20.903,70 ;;;;
483;6;12;2015; 17.653,32 ;;;;
484;7;12;2015; 8.703,07 ;;;;
485;8;12;2015; 8.962,64 ;;;;
486;9;12;2015; 9.322,41 ;;;;
487;10;12;2015; 8.772,55 ;;;;
488;11;12;2015; 13.307,42 ;;;;
489;12;12;2015; 19.515,88 ;;;;
490;13;12;2015; 19.542,23 ;;;;
491;14;12;2015; 9.339,45 ;;;;
492;15;12;2015; 11.487,40 ;;;;
493;16;12;2015; 11.577,27 ;;;;
494;17;12;2015; 11.987,57 ;;;;
495;18;12;2015; 15.837,73 ;;;;
496;19;12;2015; 22.777,52 ;;;;
497;20;12;2015; 24.823,13 ;;;;
498;21;12;2015; 15.797,85 ;;;;
499;22;12;2015; 17.438,93 ;;;;
500;23;12;2015; 17.966,45 ;;;;
501;24;12;2015; 13.582,12 ;;;;
502;26;12;2015; 22.808,98 ;;;;
503;27;12;2015; 18.758,06 ;;;;
504;28;12;2015; 15.424,05 ;;;;
505;29;12;2015; 14.317,71 ;;;;
506;30;12;2015; 17.462,86 ;;;;
507;31;12;2015; 13.405,14 ;;;;
508;1;1;2016; 16.106,01 ;;;;
509;2;1;2016; 20.352,33 ;;;;
510;3;1;2016; 14.943,45 ;;;;
511;4;1;2016; 12.654,02 ;;;;
512;5;1;2016; 12.322,70 ;;;;
513;6;1;2016; 10.195,41 ;;;;
514;7;1;2016; 13.701,25 ;;;;
515;8;1;2016; 14.479,16 ;;;;
516;9;1;2016; 18.292,65 ;;;;
517;10;1;2016; 16.386,81 ;;;;
518;11;1;2016; 9.317,48 ;;;;
519;12;1;2016; 9.884,07 ;;;;
520;13;1;2016; 9.984,50 ;;;;
521;14;1;2016; 11.657,45 ;;;;
522;15;1;2016; 12.858,25 ;;;;
523;16;1;2016; 18.881,50 ;;;;
524;17;1;2016; 17.018,70 ;;;;
525;18;1;2016; 8.694,80 ;;;;
526;19;1;2016; 9.391,36 ;;;;
527;20;1;2016; 7.818,30 ;;;;
528;21;1;2016; 12.161,35 ;;;;
529;22;1;2016; 11.029,01 ;;;;
530;23;1;2016; 17.132,11 ;;;;
531;24;1;2016; 15.442,70 ;;;;
532;25;1;2016; 7.529,35 ;;;;
533;26;1;2016; 7.581,50 ;;;;
534;27;1;2016; 8.936,05 ;;;;
535;28;1;2016; 6.899,49 ;;;;
536;29;1;2016; 11.207,47 ;;;;
537;30;1;2016; 18.737,25 ;;;;
538;31;1;2016; 17.135,90 ;;;;
539;1;2;2016; 8.835,86 ;;;;
540;2;2;2016; 8.851,87 ;;;;
541;3;2;2016; 8.095,16 ;;;;
542;4;2;2016; 8.620,09 ;;;;
543;5;2;2016; 11.301,57 ;;;;
544;6;2;2016; 17.256,65 ;;;;
545;7;2;2016; 8.278,45 ;;;;
546;8;2;2016; 12.337,60 ;;;;
547;9;2;2016; 9.758,35 ;;;;
548;10;2;2016; 10.629,90 ;;;;
549;11;2;2016; 7.886,40 ;;;;
550;12;2;2016; 11.148,34 ;;;;
551;13;2;2016; 17.282,03 ;;;;
552;14;2;2016; 14.540,65 ;;;;
553;15;2;2016; 6.193,50 ;;;;
554;16;2;2016; 6.068,30 ;;;;
555;17;2;2016; 6.498,90 ;;;;
556;18;2;2016; 7.131,41 ;;;;
557;19;2;2016; 9.404,77 ;;;;
558;20;2;2016; 18.956,37 ;;;;
559;21;2;2016; 14.990,50 ;;;;
560;22;2;2016; 6.496,76 ;;;;
561;23;2;2016; 6.384,61 ;;;;
562;24;2;2016; 6.271,65 ;;;;
563;25;2;2016; 7.026,32 ;;;;
564;26;2;2016; 10.978,37 ;;;;
565;27;2;2016; 18.630,45 ;;;;
566;28;2;2016; 14.449,32 ;;;;
567;29;2;2016; 6.065,83 ;;;;
568;1;3;2016; 7.437,31 ;;;;
569;2;3;2016; 6.553,80 ;;;;
570;3;3;2016; 7.380,19 ;;;;
571;4;3;2016; 10.962,46 ;;;;
572;5;3;2016; 18.932,56 ;;;;
573;6;3;2016; 16.191,90 ;;;;
574;7;3;2016; 7.105,97 ;;;;
575;8;3;2016; 8.212,06 ;;;;
576;9;3;2016; 7.020,20 ;;;;
577;10;3;2016; 7.064,66 ;;;;
578;11;3;2016; 10.583,45 ;;;;
579;12;3;2016; 16.539,18 ;;;;
580;13;3;2016; 13.319,45 ;;;;
581;14;3;2016; 7.061,16 ;;;;
582;15;3;2016; 7.685,80 ;;;;
583;16;3;2016; 8.261,00 ;;;;
584;17;3;2016; 9.497,17 ;;;;
585;18;3;2016; 11.385,81 ;;;;
586;19;3;2016; 16.627,66 ;;;;
587;20;3;2016; 15.822,62 ;;;;
588;21;3;2016; 6.515,50 ;;;;
589;22;3;2016; 6.588,10 ;;;;
590;23;3;2016; 8.257,99 ;;;;
591;24;3;2016; 12.633,02 ;;;;
592;25;3;2016; 5.286,53 ;;;;
593;26;3;2016; 17.673,92 ;;;;
594;27;3;2016; 11.079,25 ;;;;
595;28;3;2016; 5.295,60 ;;;;
596;29;3;2016; 5.905,25 ;;;;
597;30;3;2016; 6.837,75 ;;;;
598;31;3;2016; 8.083,32 ;;;;
599;1;4;2016; 10.452,28 ;;;;
600;2;4;2016; 16.854,07 ;;;;
601;3;4;2016; 15.985,07 ;;;;
602;4;4;2016; 6.868,40 ;;;;
603;5;4;2016; 7.633,10 ;;;;
604;6;4;2016; 7.604,50 ;;;;
605;7;4;2016; 8.180,93 ;;;;
606;8;4;2016; 10.651,85 ;;;;
607;9;4;2016; 15.749,27 ;;;;
608;10;4;2016; 13.796,97 ;;;;
609;11;4;2016; 7.801,73 ;;;;
610;12;4;2016; 7.464,10 ;;;;
611;13;4;2016; 8.690,38 ;;;;
612;14;4;2016; 8.303,10 ;;;;
613;15;4;2016; 11.173,80 ;;;;
614;16;4;2016; 16.916,13 ;;;;
615;17;4;2016; 12.009,00 ;;;;
616;18;4;2016; 6.806,88 ;;;;
617;19;4;2016; 6.632,26 ;;;;
618;20;4;2016; 9.763,02 ;;;;
619;21;4;2016; 8.577,45 ;;;;
620;22;4;2016; 13.961,32 ;;;;
621;23;4;2016; 15.684,41 ;;;;
622;24;4;2016; 12.780,38 ;;;;
623;25;4;2016; 7.272,20 ;;;;
624;26;4;2016; 7.091,55 ;;;;
625;27;4;2016; 6.376,97 ;;;;
626;28;4;2016; 9.871,10 ;;;;
627;29;4;2016; 12.459,51 ;;;;
628;30;4;2016; 20.438,71 ;;;;
629;1;5;2016; 10.118,10 ;;;;
630;2;5;2016; 9.098,65 ;;;;
631;3;5;2016; 8.320,12 ;;;;
632;4;5;2016; 9.082,75 ;;;;
633;5;5;2016; 10.055,88 ;;;;
634;6;5;2016; 13.664,40 ;;;;
635;7;5;2016; 23.684,15 ;;;;
636;8;5;2016; 18.997,17 ;;;;
637;9;5;2016; 8.405,30 ;;;;
638;10;5;2016; 7.537,00 ;;;;
639;11;5;2016; 8.877,31 ;;;;
640;12;5;2016; 8.251,25 ;;;;
641;13;5;2016; 10.735,71 ;;;;
642;14;5;2016; 16.083,91 ;;;;
643;15;5;2016; 14.722,72 ;;;;
644;16;5;2016; 7.583,81 ;;;;
645;17;5;2016; 7.085,92 ;;;;
646;18;5;2016; 7.865,67 ;;;;
647;19;5;2016; 6.559,69 ;;;;
648;20;5;2016; 11.576,88 ;;;;
649;21;5;2016; 15.672,44 ;;;;
650;22;5;2016; 15.232,56 ;;;;
651;23;5;2016; 7.500,95 ;;;;
652;24;5;2016; 7.463,56 ;;;;
653;25;5;2016; 8.260,34 ;;;;
654;26;5;2016; 13.682,41 ;;;;
655;27;5;2016; 11.345,30 ;;;;
656;28;5;2016; 15.076,98 ;;;;
657;29;5;2016; 10.771,30 ;;;;
658;30;5;2016; 7.472,85 ;;;;
659;31;5;2016; 7.695,59 ;;;;
660;1;6;2016; 8.098,98 ;;;;
661;2;6;2016; 10.053,70 ;;;;
662;3;6;2016; 13.595,11 ;;;;
663;4;6;2016; 19.257,61 ;;;;
664;5;6;2016; 15.576,63 ;;;;
665;6;6;2016; 7.233,56 ;;;;
666;7;6;2016; 7.051,90 ;;;;
667;8;6;2016; 8.642,32 ;;;;
668;9;6;2016; 9.472,47 ;;;;
669;10;6;2016; 13.306,95 ;;;;
670;11;6;2016; 18.709,80 ;;;;
671;12;6;2016; 23.001,84 ;;;;
672;13;6;2016; 6.846,05 ;;;;
673;14;6;2016; 6.853,52 ;;;;
674;15;6;2016; 8.377,69 ;;;;
675;16;6;2016; 7.911,56 ;;;;
676;17;6;2016; 10.405,74 ;;;;
677;18;6;2016; 15.866,62 ;;;;
678;19;6;2016; 13.144,60 ;;;;
679;20;6;2016; 7.510,04 ;;;;
680;21;6;2016; 7.434,60 ;;;;
681;22;6;2016; 8.104,93 ;;;;
682;23;6;2016; 8.933,70 ;;;;
683;24;6;2016; 11.286,87 ;;;;
684;25;6;2016; 16.783,05 ;;;;
685;26;6;2016; 14.561,44 ;;;;
686;27;6;2016; 8.343,00 ;;;;
687;28;6;2016; 8.055,33 ;;;;
688;29;6;2016; 7.886,93 ;;;;
689;30;6;2016; 10.122,69 ;;;;
690;1;7;2016; 12.482,40 ;;;;
691;2;7;2016; 16.965,38 ;;;;
692;3;7;2016; 15.570,05 ;;;;
693;4;7;2016; 10.675,00 ;;;;
694;5;7;2016; 9.986,43 ;;;;
695;6;7;2016; 11.746,41 ;;;;
696;7;7;2016; 11.764,73 ;;;;
697;8;7;2016; 14.366,57 ;;;;
698;9;7;2016; 18.583,22 ;;;;
699;10;7;2016; 16.150,09 ;;;;
700;11;7;2016; 10.997,11 ;;;;
701;12;7;2016; 11.305,57 ;;;;
702;13;7;2016; 11.132,50 ;;;;
703;14;7;2016; 11.244,14 ;;;;
704;15;7;2016; 15.221,98 ;;;;
705;16;7;2016; 18.595,65 ;;;;
706;17;7;2016; 17.270,01 ;;;;
707;18;7;2016; 11.195,81 ;;;;
708;19;7;2016; 10.506,80 ;;;;
709;20;7;2016; 10.146,20 ;;;;
710;21;7;2016; 10.168,86 ;;;;
711;22;7;2016; 14.651,09 ;;;;
712;23;7;2016; 17.111,48 ;;;;
713;24;7;2016; 16.136,76 ;;;;
714;25;7;2016; 10.323,67 ;;;;
715;26;7;2016; 10.002,18 ;;;;
716;27;7;2016; 8.984,30 ;;;;
717;28;7;2016; 10.786,49 ;;;;
718;29;7;2016; 13.646,86 ;;;;
719;30;7;2016; 16.934,43 ;;;;
720;31;7;2016; 14.201,99 ;;;;
721;1;8;2016; 8.727,50 ;;;;
722;2;8;2016; 7.275,90 ;;;;
723;3;8;2016; 7.761,30 ;;;;
724;4;8;2016; 7.577,32 ;;;;
725;5;8;2016; 9.727,66 ;;;;
726;6;8;2016; 17.831,45 ;;;;
727;7;8;2016; 12.993,94 ;;;;
728;8;8;2016; 8.046,51 ;;;;
729;9;8;2016; 7.599,50 ;;;;
730;10;8;2016; 8.228,90 ;;;;
731;11;8;2016; 8.685,65 ;;;;
732;12;8;2016; 13.271,10 ;;;;
733;13;8;2016; 16.932,00 ;;;;
734;14;8;2016; 13.552,12 ;;;;
735;15;8;2016; 7.064,30 ;;;;
736;16;8;2016; 7.609,05 ;;;;
737;17;8;2016; 7.166,40 ;;;;
738;18;8;2016; 8.054,61 ;;;;
739;19;8;2016; 10.372,71 ;;;;
740;20;8;2016; 13.896,85 ;;;;
741;21;8;2016; 14.219,81 ;;;;
742;22;8;2016; 7.330,00 ;;;;
743;23;8;2016; 6.782,10 ;;;;
744;24;8;2016; 7.152,50 ;;;;
745;25;8;2016; 7.197,42 ;;;;
746;26;8;2016; 10.312,82 ;;;;
747;27;8;2016; 15.121,56 ;;;;
748;28;8;2016; 13.145,10 ;;;;
749;29;8;2016; 7.054,13 ;;;;
750;30;8;2016; 6.364,00 ;;;;
751;31;8;2016; 6.801,61 ;;;;
752;1;9;2016; 7.490,43 ;;;;
753;2;9;2016; 11.284,96 ;;;;
754;3;9;2016; 18.220,72 ;;;;
755;4;9;2016; 14.492,40 ;;;;
756;5;9;2016; 7.605,47 ;;;;
757;6;9;2016; 9.220,07 ;;;;
758;7;9;2016; 9.287,50 ;;;;
759;8;9;2016; 9.823,25 ;;;;
760;9;9;2016; 13.774,80 ;;;;
761;10;9;2016; 18.107,37 ;;;;
762;11;9;2016; 14.402,70 ;;;;
763;12;9;2016; 9.548,50 ;;;;
764;13;9;2016; 9.726,70 ;;;;
765;14;9;2016; 9.308,75 ;;;;
766;15;9;2016; 9.499,21 ;;;;
767;16;9;2016; 12.073,00 ;;;;
768;17;9;2016; 18.341,55 ;;;;
769;18;9;2016; 14.436,90 ;;;;
770;19;9;2016; 8.283,90 ;;;;
771;20;9;2016; 8.376,82 ;;;;
772;21;9;2016; 7.993,01 ;;;;
773;22;9;2016; 9.636,00 ;;;;
774;23;9;2016; 13.215,10 ;;;;
775;24;9;2016; 20.286,32 ;;;;
776;25;9;2016; 16.019,10 ;;;;
777;26;9;2016; 7.601,10 ;;;;
778;27;9;2016; 7.302,90 ;;;;
779;28;9;2016; 7.900,31 ;;;;
780;29;9;2016; 8.345,65 ;;;;
781;30;9;2016; 11.584,81 ;;;;
782;1;10;2016; 18.071,46 ;;;;
783;2;10;2016; 11.168,60 ;;;;
784;3;10;2016; 8.697,62 ;;;;
785;4;10;2016; 8.356,70 ;;;;
786;5;10;2016; 9.626,10 ;;;;
787;6;10;2016; 9.835,81 ;;;;
788;7;10;2016; 15.208,30 ;;;;
789;8;10;2016; 21.717,23 ;;;;
790;9;10;2016; 17.838,60 ;;;;
791;10;10;2016; 9.954,62 ;;;;
792;11;10;2016; 12.227,51 ;;;;
793;12;10;2016; 25.660,51 ;;;;
794;13;10;2016; 8.706,42 ;;;;
795;14;10;2016; 13.905,80 ;;;;
796;15;10;2016; 19.570,87 ;;;;
797;16;10;2016; 15.371,57 ;;;;
798;17;10;2016; 9.017,71 ;;;;
799;18;10;2016; 8.665,66 ;;;;
800;19;10;2016; 9.616,82 ;;;;
801;20;10;2016; 10.246,90 ;;;;
802;21;10;2016; 12.190,22 ;;;;
803;22;10;2016; 18.768,22 ;;;;
804;23;10;2016; 16.945,66 ;;;;
805;24;10;2016; 6.702,80 ;;;;
806;25;10;2016; 9.258,05 ;;;;
807;26;10;2016; 8.239,53 ;;;;
808;27;10;2016; 8.430,81 ;;;;
809;28;10;2016; 12.841,38 ;;;;
810;29;10;2016; 18.745,40 ;;;;
811;30;10;2016; 13.472,04 ;;;;
812;31;10;2016; 9.099,80 ;;;;
813;1;11;2016; 10.982,70 ;;;;
814;2;11;2016; 9.652,90 ;;;;
815;3;11;2016; 9.616,75 ;;;;
816;4;11;2016; 11.912,30 ;;;;
817;5;11;2016; 19.028,21 ;;;;
818;6;11;2016; 16.293,90 ;;;;
819;7;11;2016; 9.952,90 ;;;;
820;8;11;2016; 11.265,62 ;;;;
821;9;11;2016; 9.542,22 ;;;;
822;10;11;2016; 10.028,20 ;;;;
823;11;11;2016; 13.746,90 ;;;;
824;12;11;2016; 18.474,46 ;;;;
825;13;11;2016; 16.855,20 ;;;;
826;14;11;2016; 12.578,50 ;;;;
827;15;11;2016; 15.295,20 ;;;;
828;16;11;2016; 7.874,21 ;;;;
829;17;11;2016; 10.037,31 ;;;;
830;18;11;2016; 11.546,81 ;;;;
831;19;11;2016; 19.399,00 ;;;;
832;20;11;2016; 18.240,30 ;;;;
833;21;11;2016; 9.988,82 ;;;;
834;22;11;2016; 9.386,92 ;;;;
835;23;11;2016; 10.767,75 ;;;;
836;24;11;2016; 10.210,70 ;;;;
837;25;11;2016; 21.166,40 ;;;;
838;26;11;2016; 22.710,70 ;;;;
839;27;11;2016; 16.650,80 ;;;;
840;28;11;2016; 8.967,10 ;;;;
841;29;11;2016; 8.248,49 ;;;;
842;30;11;2016; 9.776,41 ;;;;
843;1;12;2016; 12.282,59 ;;;;
844;2;12;2016; 14.724,20 ;;;;
845;3;12;2016; 22.232,50 ;;;;
846;4;12;2016; 17.578,30 ;;;;
847;5;12;2016; 9.515,65 ;;;;
848;6;12;2016; 10.574,69 ;;;;
849;7;12;2016; 11.134,63 ;;;;
850;8;12;2016; 12.286,22 ;;;;
851;9;12;2016; 15.970,73 ;;;;
852;10;12;2016; 21.734,11 ;;;;
853;11;12;2016; 19.943,80 ;;;;
854;12;12;2016; 10.580,79 ;;;;
855;13;12;2016; 11.823,05 ;;;;
856;14;12;2016; 12.661,34 ;;;;
857;15;12;2016; 12.260,65 ;;;;
858;16;12;2016; 15.172,15 ;;;;
859;17;12;2016; 25.116,41 ;;;;
860;18;12;2016; 21.228,30 ;;;;
861;19;12;2016; 14.572,65 ;;;;
862;20;12;2016; 15.313,90 ;;;;
863;21;12;2016; 16.285,64 ;;;;
864;22;12;2016; 18.887,10 ;;;;
865;23;12;2016; 21.253,80 ;;;;
866;24;12;2016; 14.937,80 ;;;;
867;25;12;2016; 935,20 ;;;;
868;26;12;2016; 18.414,32 ;;;;
869;27;12;2016; 15.667,71 ;;;;
870;28;12;2016; 17.125,36 ;;;;
871;29;12;2016; 18.422,55 ;;;;
872;30;12;2016; 21.298,00 ;;;;
873;31;12;2016; 16.073,21 ;;;;
874;1;1;2017; 24.882,01 ;;;;
875;2;1;2017; 17.499,70 ;;;;
876;3;1;2017; 13.580,76 ;;;;
877;4;1;2017; 15.042,63 ;;;;
878;5;1;2017; 15.355,37 ;;;;
879;6;1;2017; 19.549,70 ;;;;
880;7;1;2017; 21.519,85 ;;;;
881;8;1;2017; 20.937,80 ;;;;
882;9;1;2017; 12.900,31 ;;;;
883;10;1;2017; 12.172,52 ;;;;
884;11;1;2017; 13.642,27 ;;;;
885;12;1;2017; 12.042,91 ;;;;
886;13;1;2017; 16.045,40 ;;;;
887;14;1;2017; 21.243,81 ;;;;
888;15;1;2017; 17.943,10 ;;;;
889;16;1;2017; 13.574,30 ;;;;
890;17;1;2017; 10.905,30 ;;;;
891;18;1;2017; 13.057,70 ;;;;
892;19;1;2017; 12.839,80 ;;;;
893;20;1;2017; 16.880,06 ;;;;
894;21;1;2017; 20.085,90 ;;;;
895;22;1;2017; 17.430,41 ;;;;
896;23;1;2017; 11.143,02 ;;;;
897;24;1;2017; 9.495,85 ;;;;
898;25;1;2017; 9.970,25 ;;;;
899;26;1;2017; 9.678,60 ;;;;
900;27;1;2017; 13.011,84 ;;;;
901;28;1;2017; 19.263,20 ;;;;
902;29;1;2017; 17.715,40 ;;;;
903;30;1;2017; 9.298,30 ;;;;
904;31;1;2017; 10.518,36 ;;;;
905;1;2;2017; 9.757,80 ;;;;
906;2;2;2017; 10.734,90 ;;;;
907;3;2;2017; 13.321,90 ;;;;
908;4;2;2017; 17.543,11 ;;;;
909;5;2;2017; 18.164,90 ;;;;
910;6;2;2017; 9.719,60 ;;;;
911;7;2;2017; 10.547,60 ;;;;
912;8;2;2017; 10.058,73 ;;;;
913;9;2;2017; 10.544,96 ;;;;
914;10;2;2017; 13.861,80 ;;;;
915;11;2;2017; 18.970,93 ;;;;
916;12;2;2017; 17.011,01 ;;;;
917;13;2;2017; 9.612,50 ;;;;
918;14;2;2017; 9.161,21 ;;;;
919;15;2;2017; 9.246,34 ;;;;
920;16;2;2017; 11.011,57 ;;;;
921;17;2;2017; 13.417,20 ;;;;
922;18;2;2017; 19.111,30 ;;;;
923;19;2;2017; 18.710,80 ;;;;
924;20;2;2017; 9.607,11 ;;;;
925;21;2;2017; 9.602,70 ;;;;
926;22;2;2017; 9.726,51 ;;;;
927;23;2;2017; 10.328,60 ;;;;
928;24;2;2017; 14.579,86 ;;;;
929;25;2;2017; 17.970,30 ;;;;
930;26;2;2017; 12.484,50 ;;;;
931;27;2;2017; 13.729,40 ;;;;
932;28;2;2017; 11.812,41 ;;;;
933;1;3;2017; 14.741,25 ;;;;
934;2;3;2017; 10.944,55 ;;;;
935;3;3;2017; 13.200,95 ;;;;
936;4;3;2017; 20.580,27 ;;;;
937;5;3;2017; 19.765,95 ;;;;
938;6;3;2017; 10.270,40 ;;;;
939;7;3;2017; 10.714,88 ;;;;
940;8;3;2017; 13.261,85 ;;;;
941;9;3;2017; 10.759,90 ;;;;
942;10;3;2017; 14.297,05 ;;;;
943;11;3;2017; 22.988,10 ;;;;
944;12;3;2017; 19.976,31 ;;;;
945;13;3;2017; 10.670,73 ;;;;
946;14;3;2017; 8.851,15 ;;;;
947;15;3;2017; 9.258,75 ;;;;
948;16;3;2017; 11.064,61 ;;;;
949;17;3;2017; 16.397,90 ;;;;
950;18;3;2017; 20.450,41 ;;;;
951;19;3;2017; 13.259,10 ;;;;
952;20;3;2017; 9.864,86 ;;;;
953;21;3;2017; 9.917,54 ;;;;
954;22;3;2017; 10.685,25 ;;;;
955;23;3;2017; 10.477,30 ;;;;
956;24;3;2017; 16.767,70 ;;;;
957;25;3;2017; 19.396,50 ;;;;
958;26;3;2017; 18.072,31 ;;;;
959;27;3;2017; 8.630,91 ;;;;
960;28;3;2017; 8.497,05 ;;;;
961;29;3;2017; 9.426,50 ;;;;
962;30;3;2017; 10.460,51 ;;;;
963;31;3;2017; 14.233,77 ;;;;
964;1;4;2017; 23.977,45 ;;;;
965;2;4;2017; 18.059,62 ;;;;
966;3;4;2017; 11.012,30 ;;;;
967;4;4;2017; 10.312,50 ;;;;
968;5;4;2017; 9.648,96 ;;;;
969;6;4;2017; 11.140,43 ;;;;
970;7;4;2017; 14.801,91 ;;;;
971;8;4;2017; 23.027,21 ;;;;
972;9;4;2017; 21.906,40 ;;;;
973;10;4;2017; 11.775,60 ;;;;
974;11;4;2017; 10.643,61 ;;;;
975;12;4;2017; 11.542,81 ;;;;
976;13;4;2017; 15.626,95 ;;;;
977;14;4;2017; 7.219,76 ;;;;
978;15;4;2017; 23.708,20 ;;;;
979;16;4;2017; 11.499,70 ;;;;
980;17;4;2017; 10.073,20 ;;;;
981;18;4;2017; 8.565,60 ;;;;
982;19;4;2017; 9.803,92 ;;;;
983;20;4;2017; 10.516,95 ;;;;
984;21;4;2017; 19.680,50 ;;;;
985;22;4;2017; 20.202,45 ;;;;
986;23;4;2017; 17.687,60 ;;;;
987;24;4;2017; 8.904,00 ;;;;
988;25;4;2017; 8.776,20 ;;;;
989;26;4;2017; 9.228,82 ;;;;
990;27;4;2017; 10.741,40 ;;;;
991;28;4;2017; 14.362,22 ;;;;
992;29;4;2017; 22.878,50 ;;;;
993;30;4;2017; 21.633,30 ;;;;
994;1;5;2017; 11.116,97 ;;;;
995;2;5;2017; 10.289,07 ;;;;
996;3;5;2017; 9.571,21 ;;;;
997;4;5;2017; 10.894,51 ;;;;
998;5;5;2017; 15.046,10 ;;;;
999;6;5;2017; 21.845,70 ;;;;
1000;7;5;2017; 16.640,21 ;;;;
1001;8;5;2017; 11.015,01 ;;;;
1002;9;5;2017; 8.822,79 ;;;;
1003;10;5;2017; 8.266,34 ;;;;
1004;11;5;2017; 8.641,07 ;;;;
1005;12;5;2017; 12.271,21 ;;;;
1006;13;5;2017; 19.040,06 ;;;;
1007;14;5;2017; 17.904,65 ;;;;
1008;15;5;2017; 7.576,26 ;;;;
1009;16;5;2017; 8.022,40 ;;;;
1010;17;5;2017; 8.591,31 ;;;;
1011;18;5;2017; 8.357,64 ;;;;
1012;19;5;2017; 11.738,91 ;;;;
1013;20;5;2017; 17.828,76 ;;;;
1014;21;5;2017; 15.033,00 ;;;;
1015;22;5;2017; 7.707,72 ;;;;
1016;23;5;2017; 7.612,81 ;;;;
1017;24;5;2017; 7.661,00 ;;;;
1018;25;5;2017; 8.897,90 ;;;;
1019;26;5;2017; 11.730,80 ;;;;
1020;27;5;2017; 15.245,76 ;;;;
1021;28;5;2017; 13.923,05 ;;;;
1022;29;5;2017; 8.350,20 ;;;;
1023;30;5;2017; 8.057,00 ;;;;
1024;31;5;2017; 8.175,60 ;;;;
1025;1;6;2017; 10.102,25 ;;;;
1026;2;6;2017; 11.972,89 ;;;;
1027;3;6;2017; 16.000,20 ;;;;
1028;4;6;2017; 13.287,35 ;;;;
1029;5;6;2017; 7.358,06 ;;;;
1030;6;6;2017; 8.128,32 ;;;;
1031;7;6;2017; 8.673,55 ;;;;
1032;8;6;2017; 7.626,71 ;;;;
1033;9;6;2017; 11.625,40 ;;;;
1034;10;6;2017; 17.748,45 ;;;;
1035;11;6;2017; 16.847,70 ;;;;
1036;12;6;2017; 13.148,30 ;;;;
1037;13;6;2017; 9.145,15 ;;;;
1038;14;6;2017; 8.029,92 ;;;;
1039;15;6;2017; 14.131,45 ;;;;
1040;16;6;2017; 12.812,77 ;;;;
1041;17;6;2017; 16.044,90 ;;;;
1042;18;6;2017; 12.070,90 ;;;;
1043;19;6;2017; 7.717,60 ;;;;
1044;20;6;2017; 8.621,10 ;;;;
1045;21;6;2017; 7.490,60 ;;;;
1046;22;6;2017; 9.086,10 ;;;;
1047;23;6;2017; 11.811,60 ;;;;
1048;24;6;2017; 17.451,01 ;;;;
1049;25;6;2017; 15.169,22 ;;;;
1050;26;6;2017; 7.839,73 ;;;;
1051;27;6;2017; 8.684,53 ;;;;
1052;28;6;2017; 8.950,50 ;;;;
1053;29;6;2017; 9.678,41 ;;;;
1054;30;6;2017; 12.957,71 ;;;;
1055;1;7;2017; 15.168,25 ;;;;
1056;2;7;2017; 15.318,52 ;;;;
1057;3;7;2017; 11.627,50 ;;;;
1058;4;7;2017; 10.723,45 ;;;;
1059;5;7;2017; 10.915,43 ;;;;
1060;6;7;2017; 12.074,68 ;;;;
1061;7;7;2017; 14.752,00 ;;;;
1062;8;7;2017; 17.102,75 ;;;;
1063;9;7;2017; 15.975,50 ;;;;
1064;10;7;2017; 12.148,34 ;;;;
1065;11;7;2017; 9.955,23 ;;;;
1066;12;7;2017; 10.925,30 ;;;;
1067;13;7;2017; 10.955,10 ;;;;
1068;14;7;2017; 13.497,40 ;;;;
1069;15;7;2017; 16.522,70 ;;;;
1070;16;7;2017; 15.429,40 ;;;;
1071;17;7;2017; 10.614,82 ;;;;
1072;18;7;2017; 9.995,30 ;;;;
1073;19;7;2017; 10.991,80 ;;;;
1074;20;7;2017; 13.944,70 ;;;;
1075;21;7;2017; 15.998,74 ;;;;
1076;22;7;2017; 16.789,10 ;;;;
1077;23;7;2017; 13.994,41 ;;;;
1078;24;7;2017; 10.951,50 ;;;;
1079;25;7;2017; 11.241,30 ;;;;
1080;26;7;2017; 10.622,25 ;;;;
1081;27;7;2017; 11.787,30 ;;;;
1082;28;7;2017; 15.131,30 ;;;;
1083;29;7;2017; 16.599,20 ;;;;
1084;30;7;2017; 14.835,40 ;;;;
1085;31;7;2017; 10.593,50 ;;;;
1086;1;8;2017; 9.494,40 ;;;;
1087;2;8;2017; 8.981,70 ;;;;
1088;3;8;2017; 10.097,01 ;;;;
1089;4;8;2017; 12.203,00 ;;;;
1090;5;8;2017; 15.654,30 ;;;;
1091;6;8;2017; 14.213,95 ;;;;
1092;7;8;2017; 8.923,80 ;;;;
1093;8;8;2017; 8.920,50 ;;;;
1094;9;8;2017; 9.365,42 ;;;;
1095;10;8;2017; 9.601,50 ;;;;
1096;11;8;2017; 13.431,61 ;;;;
1097;12;8;2017; 15.735,55 ;;;;
1098;13;8;2017; 14.108,91 ;;;;
1099;14;8;2017; 9.685,80 ;;;;
1100;15;8;2017; 8.161,40 ;;;;
1101;16;8;2017; 8.608,02 ;;;;
1102;17;8;2017; 8.423,70 ;;;;
1103;18;8;2017; 11.709,41 ;;;;
1104;19;8;2017; 16.043,30 ;;;;
1105;20;8;2017; 13.655,20 ;;;;
1106;21;8;2017; 7.954,70 ;;;;
1107;22;8;2017; 8.421,50 ;;;;
1108;23;8;2017; 8.543,40 ;;;;
1109;24;8;2017; 8.421,90 ;;;;
1110;25;8;2017; 11.111,90 ;;;;
1111;26;8;2017; 14.778,12 ;;;;
1112;27;8;2017; 13.666,30 ;;;;
1113;28;8;2017; 8.139,25 ;;;;
1114;29;8;2017; 7.338,52 ;;;;
1115;30;8;2017; 7.977,20 ;;;;
1116;31;8;2017; 8.170,92 ;;;;
1117;1;9;2017; 12.485,52 ;;;;
1118;2;9;2017; 17.057,20 ;;;;
1119;3;9;2017; 13.595,50 ;;;;
1120;4;9;2017; 7.614,00 ;;;;
1121;5;9;2017; 8.235,00 ;;;;
1122;6;9;2017; 9.850,80 ;;;;
1123;7;9;2017; 8.182,90 ;;;;
1124;8;9;2017; 14.050,31 ;;;;
1125;9;9;2017; 18.119,50 ;;;;
1126;10;9;2017; 15.294,70 ;;;;
1127;11;9;2017; 8.015,80 ;;;;
1128;12;9;2017; 8.766,95 ;;;;
1129;13;9;2017; 8.107,40 ;;;;
1130;14;9;2017; 8.680,93 ;;;;
1131;15;9;2017; 11.022,40 ;;;;
1132;16;9;2017; 16.030,70 ;;;;
1133;17;9;2017; 14.668,40 ;;;;
1134;18;9;2017; 7.953,20 ;;;;
1135;19;9;2017; 7.789,81 ;;;;
1136;20;9;2017; 8.216,10 ;;;;
1137;21;9;2017; 8.182,90 ;;;;
1138;22;9;2017; 11.073,55 ;;;;
1139;23;9;2017; 15.341,81 ;;;;
1140;24;9;2017; 12.359,00 ;;;;
1141;25;9;2017; 5.078,41 ;;;;
1142;26;9;2017; 8.303,01 ;;;;
1143;27;9;2017; 7.352,66 ;;;;
1144;28;9;2017; 8.857,72 ;;;;
1145;29;9;2017; 11.056,15 ;;;;
1146;30;9;2017; 19.105,54 ;;;;
1147;1;10;2017; 16.243,80 ;;;;
1148;2;10;2017; 8.949,41 ;;;;
1149;3;10;2017; 7.396,40 ;;;;
1150;4;10;2017; 8.255,30 ;;;;
1151;5;10;2017; 9.429,23 ;;;;
1152;6;10;2017; 13.369,30 ;;;;
1153;7;10;2017; 17.041,40 ;;;;
1154;8;10;2017; 16.020,50 ;;;;
1155;9;10;2017; 9.257,41 ;;;;
1156;10;10;2017; 7.914,91 ;;;;
1157;11;10;2017; 11.390,60 ;;;;
1158;12;10;2017; 17.720,40 ;;;;
1159;13;10;2017; 12.288,10 ;;;;
1160;14;10;2017; 15.625,40 ;;;;
1161;15;10;2017; 14.467,80 ;;;;
1162;16;10;2017; 7.529,50 ;;;;
1163;17;10;2017; 7.423,70 ;;;;
1164;18;10;2017; 7.336,00 ;;;;
1165;19;10;2017; 8.089,40 ;;;;
1166;20;10;2017; 11.542,70 ;;;;
1167;21;10;2017; 17.156,21 ;;;;
1168;22;10;2017; 13.806,90 ;;;;
1169;23;10;2017; 8.014,60 ;;;;
1170;24;10;2017; 7.316,20 ;;;;
1171;25;10;2017; 7.978,70 ;;;;
1172;26;10;2017; 8.122,30 ;;;;
1173;27;10;2017; 10.242,20 ;;;;
1174;28;10;2017; 15.454,80 ;;;;
1175;29;10;2017; 14.611,30 ;;;;
1176;30;10;2017; 7.760,90 ;;;;
1177;31;10;2017; 7.044,90 ;;;;
1178;1;11;2017; 9.383,03 ;;;;
1179;2;11;2017; 7.648,80 ;;;;
1180;3;11;2017; 13.293,61 ;;;;
1181;4;11;2017; 16.939,50 ;;;;
1182;5;11;2017; 13.039,05 ;;;;
1183;6;11;2017; 8.732,65 ;;;;
1184;7;11;2017; 8.735,30 ;;;;
1185;8;11;2017; 9.567,34 ;;;;
1186;9;11;2017; 9.526,30 ;;;;
1187;10;11;2017; 10.803,96 ;;;;
1188;11;11;2017; 17.069,45 ;;;;
1189;12;11;2017; 14.418,10 ;;;;
1190;13;11;2017; 8.113,60 ;;;;
1191;14;11;2017; 10.389,85 ;;;;
1192;15;11;2017; 14.294,80 ;;;;
1193;16;11;2017; 8.895,62 ;;;;
1194;17;11;2017; 13.234,40 ;;;;
1195;18;11;2017; 19.569,38 ;;;;
1196;19;11;2017; 16.006,00 ;;;;
1197;20;11;2017; 10.007,91 ;;;;
1198;21;11;2017; 9.409,70 ;;;;
1199;22;11;2017; 8.830,60 ;;;;
1200;23;11;2017; 9.889,20 ;;;;
1201;24;11;2017; 20.119,91 ;;;;
1202;25;11;2017; 20.166,20 ;;;;
1203;26;11;2017; 20.116,10 ;;;;
1204;27;11;2017; 9.697,60 ;;;;
1205;28;11;2017; 8.459,61 ;;;;
1206;29;11;2017; 9.496,71 ;;;;
1207;30;11;2017; 10.349,31 ;;;;
1208;1;12;2017; 14.607,70 ;;;;
1209;2;12;2017; 23.103,85 ;;;;
1210;3;12;2017; 19.763,41 ;;;;
1211;4;12;2017; 11.250,85 ;;;;
1212;5;12;2017; 11.936,50 ;;;;
1213;6;12;2017; 11.488,22 ;;;;
1214;7;12;2017; 12.946,15 ;;;;
1215;8;12;2017; 16.860,20 ;;;;
1216;9;12;2017; 22.862,45 ;;;;
1217;10;12;2017; 20.335,11 ;;;;
1218;11;12;2017; 13.162,00 ;;;;
1219;12;12;2017; 11.586,60 ;;;;
1220;13;12;2017; 13.008,10 ;;;;
1221;14;12;2017; 13.251,77 ;;;;
1222;15;12;2017; 16.432,81 ;;;;
1223;16;12;2017; 21.095,97 ;;;;
1224;17;12;2017; 20.949,95 ;;;;
1225;18;12;2017; 14.204,25 ;;;;
1226;19;12;2017; 13.293,07 ;;;;
1227;20;12;2017; 16.495,00 ;;;;
1228;21;12;2017; 17.241,00 ;;;;
1229;22;12;2017; 19.359,45 ;;;;
1230;23;12;2017; 22.602,25 ;;;;
1231;24;12;2017; 13.170,92 ;;;;
1232;26;12;2017; 16.763,40 ;;;;
1233;27;12;2017; 15.681,24 ;;;;
1234;28;12;2017; 19.331,20 ;;;;
1235;29;12;2017; 19.494,75 ;;;;
1236;30;12;2017; 23.106,70 ;;;;
1237;31;12;2017; 18.458,55 ;;;;
1238;1;1;2018; 22.429,40 ;;;;
1239;2;1;2018; 15.175,00 ;;;;
1240;3;1;2018; 14.527,61 ;;;;
1241;4;1;2018; 14.138,85 ;;;;
1242;5;1;2018; 17.116,64 ;;;;
1243;6;1;2018; 20.884,35 ;;;;
1244;7;1;2018; 18.162,40 ;;;;
1245;8;1;2018; 13.616,81 ;;;;
1246;9;1;2018; 14.108,35 ;;;;
1247;10;1;2018; 11.842,31 ;;;;
1248;11;1;2018; 13.975,11 ;;;;
1249;12;1;2018; 15.369,10 ;;;;
1250;13;1;2018; 20.002,50 ;;;;
1251;14;1;2018; 18.183,30 ;;;;
1252;15;1;2018; 11.117,41 ;;;;
1253;16;1;2018; 12.429,10 ;;;;
1254;17;1;2018; 12.923,51 ;;;;
1255;18;1;2018; 12.884,85 ;;;;
1256;19;1;2018; 14.362,75 ;;;;
1257;20;1;2018; 19.577,20 ;;;;
1258;21;1;2018; 16.657,45 ;;;;
1259;22;1;2018; 10.981,81 ;;;;
1260;23;1;2018; 10.778,10 ;;;;
1261;24;1;2018; 10.364,40 ;;;;
1262;25;1;2018; 11.156,66 ;;;;
1263;26;1;2018; 11.736,23 ;;;;
1264;27;1;2018; 19.360,05 ;;;;
1265;28;1;2018; 16.672,20 ;;;;
1266;29;1;2018; 9.782,25 ;;;;
1267;30;1;2018; 9.317,90 ;;;;
1268;31;1;2018; 10.174,46 ;;;;
1269;1;2;2018; 11.598,84 ;;;;
1270;2;2;2018; 13.550,81 ;;;;
1271;3;2;2018; 17.761,57 ;;;;
1272;4;2;2018; 15.787,85 ;;;;
1273;5;2;2018; 10.752,80 ;;;;
1274;6;2;2018; 10.730,40 ;;;;
1275;7;2;2018; 10.567,00 ;;;;
1276;8;2;2018; 11.285,01 ;;;;
1277;9;2;2018; 12.721,60 ;;;;
1278;10;2;2018; 16.542,85 ;;;;
1279;11;2;2018; 9.935,90 ;;;;
1280;12;2;2018; 13.763,95 ;;;;
1281;13;2;2018; 8.573,90 ;;;;
1282;14;2;2018; 12.927,25 ;;;;
1283;15;2;2018; 10.155,45 ;;;;
1284;16;2;2018; 12.564,25 ;;;;
1285;17;2;2018; 19.470,10 ;;;;
1286;18;2;2018; 15.702,75 ;;;;
1287;19;2;2018; 9.865,96 ;;;;
1288;20;2;2018; 9.603,09 ;;;;
1289;21;2;2018; 9.447,75 ;;;;
1290;22;2;2018; 10.664,75 ;;;;
1291;23;2;2018; 12.252,30 ;;;;
1292;24;2;2018; 17.701,15 ;;;;
1293;25;2;2018; 15.682,10 ;;;;
1294;26;2;2018; 9.593,19 ;;;;
1295;27;2;2018; 8.703,35 ;;;;
1296;28;2;2018; 10.337,45 ;;;;
1297;1;3;2018; 11.079,30 ;;;;
1298;2;3;2018; 12.852,15 ;;;;
1299;3;3;2018; 18.337,90 ;;;;
1300;4;3;2018; 16.138,03 ;;;;
1301;5;3;2018; 10.390,20 ;;;;
1302;6;3;2018; 9.730,93 ;;;;
1303;7;3;2018; 10.099,92 ;;;;
1304;8;3;2018; 11.687,90 ;;;;
1305;9;3;2018; 12.873,10 ;;;;
1306;10;3;2018; 19.571,55 ;;;;
1307;11;3;2018; 17.139,95 ;;;;
1308;12;3;2018; 9.106,15 ;;;;
1309;13;3;2018; 9.856,60 ;;;;
1310;14;3;2018; 9.701,10 ;;;;
1311;15;3;2018; 9.958,65 ;;;;
1312;16;3;2018; 12.161,80 ;;;;
1313;17;3;2018; 16.581,10 ;;;;
1314;18;3;2018; 14.865,10 ;;;;
1315;19;3;2018; 15.114,40 ;;;;
1316;20;3;2018; 9.211,20 ;;;;
1317;21;3;2018; 8.234,10 ;;;;
1318;22;3;2018; 9.953,20 ;;;;
1319;23;3;2018; 11.565,51 ;;;;
1320;24;3;2018; 15.963,72 ;;;;
1321;25;3;2018; 15.341,32 ;;;;
1322;26;3;2018; 9.103,70 ;;;;
1323;27;3;2018; 8.368,10 ;;;;
1324;28;3;2018; 10.754,40 ;;;;
1325;29;3;2018; 12.976,50 ;;;;
1326;30;3;2018; 4.339,81 ;;;;
1327;31;3;2018; 19.608,70 ;;;;
1328;1;4;2018; 13.004,70 ;;;;
1329;2;4;2018; 8.196,40 ;;;;
1330;3;4;2018; 10.955,30 ;;;;
1331;4;4;2018; 9.633,70 ;;;;
1332;5;4;2018; 9.908,30 ;;;;
1333;6;4;2018; 12.220,40 ;;;;
1334;7;4;2018; 17.911,80 ;;;;
1335;8;4;2018; 15.807,15 ;;;;
1336;9;4;2018; 8.449,30 ;;;;
1337;10;4;2018; 10.531,24 ;;;;
1338;11;4;2018; 9.362,60 ;;;;
1339;12;4;2018; 10.214,55 ;;;;
1340;13;4;2018; 12.244,30 ;;;;
1341;14;4;2018; 18.435,10 ;;;;
1342;15;4;2018; 17.624,42 ;;;;
1343;16;4;2018; 9.696,52 ;;;;
1344;17;4;2018; 9.959,40 ;;;;
1345;18;4;2018; 9.748,21 ;;;;
1346;19;4;2018; 11.638,53 ;;;;
1347;20;4;2018; 14.351,60 ;;;;
1348;21;4;2018; 19.156,54 ;;;;
1349;22;4;2018; 16.430,80 ;;;;
1350;23;4;2018; 9.444,00 ;;;;
1351;24;4;2018; 8.866,30 ;;;;
1352;25;4;2018; 10.066,80 ;;;;
1353;26;4;2018; 10.833,42 ;;;;
1354;27;4;2018; 14.501,20 ;;;;
1355;28;4;2018; 20.123,80 ;;;;
1356;29;4;2018; 18.866,90 ;;;;
1357;30;4;2018; 15.090,10 ;;;;
1358;1;5;2018; 10.735,90 ;;;;
1359;2;5;2018; 10.201,30 ;;;;
1360;3;5;2018; 10.797,61 ;;;;
1361;4;5;2018; 14.531,42 ;;;;
1362;5;5;2018; 20.445,91 ;;;;
1363;6;5;2018; 17.524,50 ;;;;
1364;7;5;2018; 11.294,50 ;;;;
1365;8;5;2018; 10.478,40 ;;;;
1366;9;5;2018; 10.858,30 ;;;;
1367;10;5;2018; 12.068,40 ;;;;
1368;11;5;2018; 15.848,52 ;;;;
1369;12;5;2018; 22.204,21 ;;;;
1370;13;5;2018; 18.930,61 ;;;;
1371;14;5;2018; 9.997,05 ;;;;
1372;15;5;2018; 10.761,70 ;;;;
1373;16;5;2018; 10.113,71 ;;;;
1374;17;5;2018; 11.635,81 ;;;;
1375;18;5;2018; 14.560,31 ;;;;
1376;19;5;2018; 19.970,60 ;;;;
1377;20;5;2018; 18.806,62 ;;;;
1378;21;5;2018; 11.266,03 ;;;;
1379;22;5;2018; 10.964,10 ;;;;
1380;23;5;2018; 10.286,70 ;;;;
1381;24;5;2018; 12.677,60 ;;;;
1382;25;5;2018; 12.789,80 ;;;;
1383;26;5;2018; 15.697,00 ;;;;
1384;27;5;2018; 15.892,32 ;;;;
1385;28;5;2018; 9.315,70 ;;;;
1386;29;5;2018; 10.213,10 ;;;;
1387;30;5;2018; 11.038,90 ;;;;
1388;31;5;2018; 16.762,90 ;;;;
1389;1;6;2018; 13.932,39 ;;;;
1390;2;6;2018; 16.405,00 ;;;;
1391;3;6;2018; 14.816,41 ;;;;
1392;4;6;2018; 10.316,40 ;;;;
1393;5;6;2018; 11.134,02 ;;;;
1394;6;6;2018; 10.041,60 ;;;;
1395;7;6;2018; 10.927,50 ;;;;
1396;8;6;2018; 14.583,00 ;;;;
1397;9;6;2018; 20.330,61 ;;;;
1398;10;6;2018; 15.174,61 ;;;;
1399;11;6;2018; 10.394,51 ;;;;
1400;12;6;2018; 15.461,72 ;;;;
1401;13;6;2018; 11.308,51 ;;;;
1402;14;6;2018; 10.756,62 ;;;;
1403;15;6;2018; 13.961,11 ;;;;
1404;16;6;2018; 16.852,91 ;;;;
1405;17;6;2018; 7.283,81 ;;;;
1406;18;6;2018; 11.253,70 ;;;;
1407;19;6;2018; 10.282,72 ;;;;
1408;20;6;2018; 10.461,12 ;;;;
1409;21;6;2018; 11.599,61 ;;;;
1410;22;6;2018; 9.967,11 ;;;;
1411;23;6;2018; 15.659,80 ;;;;
1412;24;6;2018; 16.896,01 ;;;;
1413;25;6;2018; 10.217,00 ;;;;
1414;26;6;2018; 9.470,35 ;;;;
1415;27;6;2018; 6.632,20 ;;;;
1416;28;6;2018; 11.077,40 ;;;;
1417;29;6;2018; 13.579,53 ;;;;
1418;30;6;2018; 18.605,80 ;;;;
1419;1;7;2018; 16.673,61 ;;;;
1420;2;7;2018; 9.747,30 ;;;;
1421;3;7;2018; 12.069,00 ;;;;
1422;4;7;2018; 12.058,02 ;;;;
1423;5;7;2018; 13.604,38 ;;;;
1424;6;7;2018; 10.515,85 ;;;;
1425;7;7;2018; 23.567,00 ;;;;
1426;8;7;2018; 20.781,00 ;;;;
1427;9;7;2018; 14.602,00 ;;;;
1428;10;7;2018; 15.957,52 ;;;;
1429;11;7;2018; 12.269,80 ;;;;
1430;12;7;2018; 14.953,80 ;;;;
1431;13;7;2018; 13.921,25 ;;;;
1432;14;7;2018; 19.563,00 ;;;;
1433;15;7;2018; 15.983,01 ;;;;
1434;16;7;2018; 13.752,80 ;;;;
1435;17;7;2018; 14.029,60 ;;;;
1436;18;7;2018; 13.063,00 ;;;;
1437;19;7;2018; 14.447,80 ;;;;
1438;20;7;2018; 16.653,90 ;;;;
1439;21;7;2018; 19.810,00 ;;;;
1440;22;7;2018; 18.983,30 ;;;;
1441;23;7;2018; 13.498,01 ;;;;
1442;24;7;2018; 14.468,60 ;;;;
1443;25;7;2018; 14.282,33 ;;;;
1444;26;7;2018; 16.314,80 ;;;;
1445;27;7;2018; 16.831,10 ;;;;
1446;28;7;2018; 22.091,90 ;;;;
1447;29;7;2018; 18.774,20 ;;;;
1448;30;7;2018; 14.157,50 ;;;;
1449;31;7;2018; 14.770,40 ;;;;
1450;1;8;2018; 12.258,51 ;;;;
1451;2;8;2018; 11.310,96 ;;;;
1452;3;8;2018; 15.903,50 ;;;;
1453;4;8;2018; 19.387,70 ;;;;
1454;5;8;2018; 18.747,81 ;;;;
1455;6;8;2018; 12.525,10 ;;;;
1456;7;8;2018; 11.588,00 ;;;;
1457;8;8;2018; 11.992,30 ;;;;
1458;9;8;2018; 14.479,10 ;;;;
1459;10;8;2018; 15.506,71 ;;;;
1460;11;8;2018; 19.751,90 ;;;;
1461;12;8;2018; 19.756,20 ;;;;
1462;13;8;2018; 11.097,45 ;;;;
1463;14;8;2018; 12.370,71 ;;;;
1464;15;8;2018; 16.490,30 ;;;;
1465;16;8;2018; 12.412,00 ;;;;
1466;17;8;2018; 14.275,60 ;;;;
1467;18;8;2018; 18.996,51 ;;;;
1468;19;8;2018; 18.591,20 ;;;;
1469;20;8;2018; 11.049,52 ;;;;
1470;21;8;2018; 10.576,80 ;;;;
1471;22;8;2018; 9.534,81 ;;;;
1472;23;8;2018; 11.137,62 ;;;;
1473;24;8;2018; 13.600,70 ;;;;
1474;25;8;2018; 18.774,70 ;;;;
1475;26;8;2018; 16.372,12 ;;;;
1476;27;8;2018; 9.581,50 ;;;;
1477;28;8;2018; 10.427,50 ;;;;
1478;29;8;2018; 11.621,90 ;;;;
1479;30;8;2018; 9.721,63 ;;;;
1480;31;8;2018; 14.467,80 ;;;;
1481;1;9;2018; 19.010,11 ;;;;
1482;2;9;2018; 17.179,90 ;;;;
1483;3;9;2018; 10.797,12 ;;;;
1484;4;9;2018; 11.096,00 ;;;;
1485;5;9;2018; 11.649,11 ;;;;
1486;6;9;2018; 13.140,39 ;;;;
1487;7;9;2018; 12.238,21 ;;;;
1488;8;9;2018; 21.408,61 ;;;;
1489;9;9;2018; 17.517,83 ;;;;
1490;10;9;2018; 12.605,60 ;;;;
1491;11;9;2018; 10.861,70 ;;;;
1492;12;9;2018; 11.278,90 ;;;;
1493;13;9;2018; 11.437,40 ;;;;
1494;14;9;2018; 13.865,62 ;;;;
1495;15;9;2018; 19.112,60 ;;;;
1496;16;9;2018; 18.606,52 ;;;;
1497;17;9;2018; 11.022,24 ;;;;
1498;18;9;2018; 11.391,31 ;;;;
1499;19;9;2018; 11.936,17 ;;;;
1500;20;9;2018; 11.509,50 ;;;;
1501;21;9;2018; 15.787,82 ;;;;
1502;22;9;2018; 20.884,82 ;;;;
1503;23;9;2018; 22.527,92 ;;;;
1504;24;9;2018; 8.306,40 ;;;;
1505;25;9;2018; 12.334,61 ;;;;
1506;26;9;2018; 12.532,11 ;;;;
1507;27;9;2018; 11.802,44 ;;;;
1508;28;9;2018; 15.858,01 ;;;;
1509;29;9;2018; 21.515,21 ;;;;
1510;30;9;2018; 19.539,03 ;;;;
1511;1;10;2018; 11.574,30 ;;;;
1512;2;10;2018; 11.745,41 ;;;;
1513;3;10;2018; 12.396,01 ;;;;
1514;4;10;2018; 12.038,50 ;;;;
1515;5;10;2018; 16.057,87 ;;;;
1516;6;10;2018; 22.377,21 ;;;;
1517;7;10;2018; 11.441,12 ;;;;
1518;8;10;2018; 11.824,10 ;;;;
1519;9;10;2018; 11.556,20 ;;;;
1520;10;10;2018; 12.886,30 ;;;;
1521;11;10;2018; 15.108,10 ;;;;
1522;12;10;2018; 27.351,50 ;;;;
1523;13;10;2018; 21.690,79 ;;;;
1524;14;10;2018; 19.021,30 ;;;;
1525;15;10;2018; 14.308,51 ;;;;
1526;16;10;2018; 11.457,80 ;;;;
1527;17;10;2018; 12.105,70 ;;;;
1528;18;10;2018; 12.937,21 ;;;;
1529;19;10;2018; 17.693,20 ;;;;
1530;20;10;2018; 21.980,21 ;;;;
1531;21;10;2018; 21.986,70 ;;;;
1532;22;10;2018; 11.776,42 ;;;;
1533;23;10;2018; 11.584,40 ;;;;
1534;24;10;2018; 11.568,62 ;;;;
1535;25;10;2018; 11.768,90 ;;;;
1536;26;10;2018; 14.266,50 ;;;;
1537;27;10;2018; 19.315,50 ;;;;
1538;28;10;2018; 12.903,71 ;;;;
1539;29;10;2018; 11.071,90 ;;;;
1540;30;10;2018; 11.205,80 ;;;;
1541;31;10;2018; 12.025,80 ;;;;
